pattern,temp_bin,n_line_days,n_lines,temp_c,normalized_transmission_median,normalized_transmission_ci95_low,normalized_transmission_ci95_high
Pattern 1,"(30.0, 32.0]",5653,119,30.814285005841935,1.2002360423068372,1.1819711187876782,1.2155089032743063
Pattern 2,"(30.0, 32.0]",9818,157,30.857142857142858,2.1908371832533486,2.171130891874563,2.2079484448373776
Pattern 3,"(-0.001, 2.0]",286,6,1.0892856929983412,3.0969597076034057,2.7054737193846843,3.4894854383946523
